{
  "camera": "Intel RealSense D455",
  "stream": "color",
  "width": 848,
  "height": 480,
  "fps": 30,
  "fx": 426.6751403808594,
  "fy": 426.1039123535156,
  "ppx": 425.3409423828125,
  "ppy": 247.51687622070312,
  "model": "distortion.inverse_brown_conrady",
  "coeffs": [
    -0.055355288088321686,
    0.06439609080553055,
    -0.0010497531620785594,
    0.00045807744027115405,
    -0.021012067794799805
  ]
}